<?xml version="1.0"?>
<metadata xml:lang="en"><Esri><CreaDate>20220220</CreaDate><CreaTime>15030100</CreaTime><ArcGISFormat>1.0</ArcGISFormat><SyncOnce>TRUE</SyncOnce><ModDate>20220309</ModDate><ModTime>10531800</ModTime><scaleRange><minScale>150000000</minScale><maxScale>5000</maxScale></scaleRange><ArcGISProfile>ItemDescription</ArcGISProfile></Esri><tool name="Tool" displayname="Geoprocessing Name Helper" toolboxalias="toolbox" xmlns=""><arcToolboxHelpPath>c:\program files\arcgis\pro\Resources\Help\gp</arcToolboxHelpPath><parameters><param name="in_features" displayname="Input Feature" type="Required" direction="Input" datatype="Feature Layer" expression="in_features"><dialogReference>&lt;DIV STYLE="text-align:Left;"&gt;&lt;DIV&gt;&lt;P&gt;&lt;SPAN&gt;The shapefile that will be used in the geoprocessing tool&lt;/SPAN&gt;&lt;/P&gt;&lt;/DIV&gt;&lt;/DIV&gt;</dialogReference></param><param name="raw_name_string" displayname="Raw Name String" type="Required" direction="Input" datatype="String" expression="raw_name_string"><dialogReference>&lt;DIV STYLE="text-align:Left;"&gt;&lt;DIV&gt;&lt;P&gt;&lt;SPAN&gt;Preliminary name for the shapefile &lt;/SPAN&gt;&lt;/P&gt;&lt;/DIV&gt;&lt;/DIV&gt;</dialogReference></param><param name="name_sugg_dropdown" displayname="Name Suggestions" type="Required" direction="Input" datatype="Multiple Value" expression="name_sugg_dropdown;name_sugg_dropdown..."><dialogReference>&lt;DIV STYLE="text-align:Left;"&gt;&lt;DIV&gt;&lt;P&gt;&lt;SPAN&gt;Suggested names that have been sent through the filter&lt;/SPAN&gt;&lt;/P&gt;&lt;/DIV&gt;&lt;/DIV&gt;</dialogReference></param></parameters><summary>&lt;DIV STYLE="text-align:Left;"&gt;&lt;DIV&gt;&lt;P&gt;&lt;SPAN&gt;Assists in naming an output file for a geoprocessing tool by filtering a preliminary name for a file&lt;/SPAN&gt;&lt;/P&gt;&lt;/DIV&gt;&lt;/DIV&gt;</summary></tool><dataIdInfo><idCitation><resTitle>Geoprocessing Name Helper</resTitle></idCitation><idCredit>Created by Will Campbell (Student) and Stephen Patterson, LSI (Mentor)</idCredit><searchKeys><keyword>#geoprocessing #files #names</keyword></searchKeys></dataIdInfo><distInfo><distributor><distorFormat><formatName>ArcToolbox Tool</formatName></distorFormat></distributor></distInfo><mdHrLv><ScopeCd value="005"></ScopeCd></mdHrLv><mdDateSt Sync="TRUE">20220309</mdDateSt></metadata>
